key,key:maintenanceRecord,key:task
involves-01,maintenanceRecord-01,task-01
involves-02,maintenanceRecord-02,task-02
involves-03,maintenanceRecord-03,task-03
involves-04,maintenanceRecord-04,task-04
involves-05,maintenanceRecord-05,task-05
involves-06,maintenanceRecord-06,task-06
involves-07,maintenanceRecord-07,task-07
involves-08,maintenanceRecord-08,task-08
involves-09,maintenanceRecord-09,task-09
involves-10,maintenanceRecord-10,task-10
involves-11,maintenanceRecord-11,task-11
involves-12,maintenanceRecord-12,task-12
involves-13,maintenanceRecord-13,task-13
involves-14,maintenanceRecord-14,task-14
involves-15,maintenanceRecord-15,task-15
involves-16,maintenanceRecord-16,task-16
involves-17,maintenanceRecord-17,task-17
involves-18,maintenanceRecord-18,task-18
involves-19,maintenanceRecord-19,task-19
involves-20,maintenanceRecord-20,task-20
